<?xml version="1.0" encoding="utf-8"?>
<!--
 
 Licensed to the Apache Software Foundation (ASF) under one
 or more contributor license agreements.  See the NOTICE file
 distributed with this work for additional information
 regarding copyright ownership.  The ASF licenses this file
 to you under the Apache License, Version 2.0 (the
 "License"); you may not use this file except in compliance
 with the License.  You may obtain a copy of the License at
 
   http://www.apache.org/licenses/LICENSE-2.0
 
 Unless required by applicable law or agreed to in writing,
 software distributed under the License is distributed on an
 "AS IS" BASIS, WITHOUT WARRANTIES OR CONDITIONS OF ANY
 KIND, either express or implied.  See the License for the
 specific language governing permissions and limitations
 under the License.
 
-->

<chapter>

  <title>
      AMQP Java JMS Messaging Client
  </title>

  <para>The Java Client supported by Qpid implements the <ulink
  url="http://java.sun.com/products/jms/docs.html">Java JMS 1.1
  Specification</ulink>.  </para>


  <section role="h3"
	   id="AMQPJavaJMSMessagingClient-GeneralUserGuides">
    <title>General User Guides</title>


<!--
Does not seem to exist!

            <listitem><para>AMQP Java JMS Client Feature Guide
            </para></listitem>

http://cwiki.apache.org/confluence/pages/createpage.action?spaceKey=qpid&title=JMS-Client-Feature-Guide&linkCreation=true&fromPageId=4589057
-->

    <xi:include xmlns:xi="http://www.w3.org/2001/XInclude" href="System-Properties.xml"/>
    <xi:include xmlns:xi="http://www.w3.org/2001/XInclude" href="Connection-URL-Format.xml"/>
    <xi:include xmlns:xi="http://www.w3.org/2001/XInclude" href="Binding-URL-Format.xml"/>
    <xi:include xmlns:xi="http://www.w3.org/2001/XInclude" href="Java-JMS-Selector-Syntax.xml"/>

<!--
            <listitem><para>How to Use JNDI to configure the AMQP Java JMS Client
            </para></listitem>
            <listitem><para>Using the AMQP Java JMS Client with RT Java
            </para></listitem>
            <listitem><para>AMQP Java JMS Client Tuning Guide
            </para></listitem>
-->

<!--h3--></section>

	  <section role="h3" id="AMQPJavaJMSMessagingClient-AMQPJavaJMSExamples">

	    <title>AMQP Java JMS Examples </title>

	  <itemizedlist>
            <listitem><para>
              <ulink url="https://svn.apache.org/repos/asf/qpid/trunk/qpid/java/client/example/">Examples Directory</ulink>
            </para></listitem>

            <listitem><para>
              <ulink url="https://svn.apache.org/repos/asf/qpid/trunk/qpid/java/client/example/src/main/java/runSample.sh">Script for running examples</ulink>
            </para></listitem>
            <listitem><para>
              <ulink url="https://svn.apache.org/repos/asf/qpid/trunk/qpid/java/client/example/src/main/java/org/apache/qpid/example/jmsexample/direct/">Direct Example</ulink>
            </para></listitem>
            <listitem><para>
              <ulink url="https://svn.apache.org/repos/asf/qpid/trunk/qpid/java/client/example/src/main/java/org/apache/qpid/example/jmsexample/fanout/">Fanout Example</ulink>
            </para></listitem>
            <listitem><para>
              <ulink url="https://svn.apache.org/repos/asf/qpid/trunk/qpid/java/client/example/src/main/java/org/apache/qpid/example/jmsexample/pubsub">Pub-Sub Example</ulink>
            </para></listitem>
            <listitem><para>
              <ulink url="https://svn.apache.org/repos/asf/qpid/trunk/qpid/java/client/example/src/main/java/org/apache/qpid/example/jmsexample/requestResponse/">Request/Response Example</ulink>
            </para></listitem>
	    <listitem><para>
	      <ulink url="https://svn.apache.org/repos/asf/qpid/trunk/qpid/java/client/example/src/main/java/org/apache/qpid/example/jmsexample/transacted/">Transacted Example</ulink></para></listitem>
          </itemizedlist>

<!--h3--></section>

</chapter>
