<?xml version="1.0" encoding="utf-8"?>
<!--
 
 Licensed to the Apache Software Foundation (ASF) under one
 or more contributor license agreements.  See the NOTICE file
 distributed with this work for additional information
 regarding copyright ownership.  The ASF licenses this file
 to you under the Apache License, Version 2.0 (the
 "License"); you may not use this file except in compliance
 with the License.  You may obtain a copy of the License at
 
   http://www.apache.org/licenses/LICENSE-2.0
 
 Unless required by applicable law or agreed to in writing,
 software distributed under the License is distributed on an
 "AS IS" BASIS, WITHOUT WARRANTIES OR CONDITIONS OF ANY
 KIND, either express or implied.  See the License for the
 specific language governing permissions and limitations
 under the License.
 
-->

<chapter>
  <title>
    AMQP Python Messaging Client
  </title>
  <section role="h3" id="AMQPPythonMessagingClient-UserGuides">
    <title>
      User Guides
    </title>
    <itemizedlist>
      <listitem>
	<para>
	  <ulink url="http://qpid.apache.org/docs/api/python/html/index.html">Python Client API Guide</ulink>
	</para>
      </listitem>
    </itemizedlist>
    <!--h3-->
  </section>

  <section role="h3" id="AMQPPythonMessagingClient-Examples">
    <title>
      Examples
    </title>
    <itemizedlist>
      <listitem>
	<para>
	  <ulink url="https://svn.apache.org/repos/asf/qpid/trunk/qpid/python/examples/">AMQP Python Client Examples </ulink>
	</para>
      </listitem>
      <listitem>
	<para>
	  <ulink url="https://svn.apache.org/repos/asf/qpid/trunk/qpid/python/examples/README">Running the AMQP Python Client Examples </ulink>
	</para>
      </listitem>
    </itemizedlist>
    <!--h3-->
  </section>

  <xi:include href="PythonBrokerTest.xml" xmlns:xi="http://www.w3.org/2001/XInclude" />

</chapter>
