<?xml version="1.0" encoding="utf-8"?>
<!--
 
 Licensed to the Apache Software Foundation (ASF) under one
 or more contributor license agreements.  See the NOTICE file
 distributed with this work for additional information
 regarding copyright ownership.  The ASF licenses this file
 to you under the Apache License, Version 2.0 (the
 "License"); you may not use this file except in compliance
 with the License.  You may obtain a copy of the License at
 
   http://www.apache.org/licenses/LICENSE-2.0
 
 Unless required by applicable law or agreed to in writing,
 software distributed under the License is distributed on an
 "AS IS" BASIS, WITHOUT WARRANTIES OR CONDITIONS OF ANY
 KIND, either express or implied.  See the License for the
 specific language governing permissions and limitations
 under the License.
 
-->

<chapter>
  <title>
    AMQP .NET Messaging Client
  </title>
  <para>
    Currently the .NET code base provides two client libraries that
    are compatible respectively with AMQP 0.8 and 0.10. The 0.8 client
    is located in <filename>qpid\dotnet</filename> and the 0.10 client
    in: <filename>qpid\dotnet\client-010</filename>.
  </para>
  <para>
    You will need an AMQP broker to fully use those client libraries.
    Use M4 or later C++ broker for AMQP 0.10 or Java broker for AMQP
    0.8/0.9.
  </para>
  <section role="h3" id="AMQP.NETMessagingClient-UserGuides">
    <title>
      User Guides
    </title>
        
    <xi:include xmlns:xi="http://www.w3.org/2001/XInclude" href="NET-User-Guide.xml"/>
    <xi:include xmlns:xi="http://www.w3.org/2001/XInclude" href="Excel-AddIn.xml"/>
    <xi:include xmlns:xi="http://www.w3.org/2001/XInclude" href="WCF.xml"/>
  </section>

  <section role="h3" id="AMQP.NETMessagingClient-Examples">
    <title>
      Examples
    </title>
  <itemizedlist>
    <listitem>
      <para>
	<ulink url="http://svn.apache.org/viewvc/qpid/trunk/qpid/dotnet/client-010/examples/"/>
      </para>
    </listitem>
  </itemizedlist>
    <!--h3-->
  </section>

<!--

  <section role="h3" id="AMQP.NETMessagingClient-DeveloperGuidelines">
    <title>
      Developer Guidelines
    </title>
    <itemizedlist>
    <listitem>
      <para>
	<xref linkend="qpid_Developer-Pages"/>
      </para>
    </listitem>
    <listitem>
      <para>Coding Standards </para>
    </listitem>
    <listitem>
      <para>How Tos
      <itemizedlist>
	<listitem>
	  <para>
	    <xref linkend="qpid_Build-.NET-Client"/>
	  </para>
	</listitem>
	<listitem>
	  <para>
	    <xref linkend="qpid_Releasing"/>
	  </para>
	</listitem>
	<listitem>
	  <para>
	    <xref linkend="qpid_Run-tests"/>
	  </para>
	</listitem>
	<listitem>
	  <para>
	    <xref linkend="qpid_Setup-.Net-Client-on-Windows"/>
	  </para>
	</listitem>
      </itemizedlist>
      </para>
    </listitem>
  </itemizedlist>
  </section>
  -->


</chapter>
