<?xml version="1.0" encoding="utf-8"?>
<!--
 
 Licensed to the Apache Software Foundation (ASF) under one
 or more contributor license agreements.  See the NOTICE file
 distributed with this work for additional information
 regarding copyright ownership.  The ASF licenses this file
 to you under the Apache License, Version 2.0 (the
 "License"); you may not use this file except in compliance
 with the License.  You may obtain a copy of the License at
 
   http://www.apache.org/licenses/LICENSE-2.0
 
 Unless required by applicable law or agreed to in writing,
 software distributed under the License is distributed on an
 "AS IS" BASIS, WITHOUT WARRANTIES OR CONDITIONS OF ANY
 KIND, either express or implied.  See the License for the
 specific language governing permissions and limitations
 under the License.
 
-->

<chapter id="chapter-Download">

<title>Download Apache Qpid</title>

<para/>


<section><title>Production Releases</title>

<para>These releases are well tested and appropriate for production use. 0.5 is the latest release of Qpid.</para>

<para>Qpid supports the latest version of AMQP 0-10, and some components also the AMQP 0-8 and 0-9, earlier versions. The Java Broker and Client provide protocol negotiation. Other versions can be found at <ulink url="http://www.apache.org/dist/qpid/">http://www.apache.org/dist/qpid/</ulink></para>

<para>For details on cross component compatibility among releases, see: <ulink url="### FIX ME ###">AMQP Release Compatibility for Qpid|AMQP compatibility</ulink></para>

<para>If you have any questions about these releases, please mail the user list (<ulink url="mailto:users@qpid.apache.org">users@qpid.apache.org</ulink>).</para>

</section>

<section><title>0.5 Release</title>

<section><title>Multiple Component Packages</title>

<table frame="all">
<title/>
<tgroup cols='4' align='left' colsep='1' rowsep='1'>
<thead><row><entry> Component </entry><entry> Download </entry><entry> AMQP 0-10 </entry><entry> AMQP 0-8/0-9 </entry></row></thead>
<tbody>
<row><entry> Full release &amp; keys </entry><entry> <ulink url="http://www.apache.org/dist/qpid/0.5/">http://www.apache.org/dist/qpid/0.5/</ulink> </entry><entry> Y </entry><entry> Y </entry></row>
<row><entry> C++ broker &amp; client </entry><entry> <ulink url="http://www.apache.org/dist/qpid/0.5/qpid-cpp-0.5.tar.gz">http://www.apache.org/dist/qpid/0.5/qpid-cpp-0.5.tar.gz</ulink> </entry><entry> Y </entry><entry> </entry></row>
<row><entry> Java broker, client &amp; tools </entry><entry> <ulink url="http://www.apache.org/dist/qpid/0.5/qpid-java-0.5.tar.gz">http://www.apache.org/dist/qpid/0.5/qpid-java-0.5.tar.gz</ulink> </entry><entry> client </entry><entry> Y </entry></row>
</tbody>
</tgroup>
</table>
</section>

<section><title>Single Component Package</title>


<table>
<title>Broker</title>
<tgroup cols="4" align='left' colsep='1' rowsep='1'>
<thead><row><entry> Language </entry><entry> Download </entry><entry> AMQP 0-10 </entry><entry> AMQP 0-8/0-9 </entry></row></thead>
<tbody>
<row><entry> Java </entry><entry> <ulink url="http://www.apache.org/dist/qpid/0.5/qpid-java-broker-0.5.tar.gz">http://www.apache.org/dist/qpid/0.5/qpid-java-broker-0.5.tar.gz</ulink> </entry><entry> </entry><entry> Y </entry></row>
</tbody>
</tgroup>
</table>


<table>
<title>Client</title>
<tgroup cols="4" align='left' colsep='1' rowsep='1'>
<thead><row><entry> Language </entry><entry> Download </entry><entry> AMQP 0-10 </entry><entry> AMQP 0-8/0-9 </entry></row></thead>
<tbody>
<row><entry> C# (.NET, WCF, Excel) 0-10 client (C++ Broker Compatible) </entry><entry> <ulink url="http://www.apache.org/dist/qpid/0.5/qpid-dotnet-0-10-0.5.zip">http://www.apache.org/dist/qpid/0.5/qpid-dotnet-0-10-0.5.zip</ulink> </entry><entry> Y </entry><entry> </entry></row>
<row><entry> C# (.NET) 0-8 client (Java Broker Compatible) </entry><entry> <ulink url="http://www.apache.org/dist/qpid/0.5/qpid-dotnet-0-8-0.5.zip">http://www.apache.org/dist/qpid/0.5/qpid-dotnet-0-8-0.5.zip</ulink> </entry><entry> </entry><entry> Y </entry></row>
<row><entry> Java </entry><entry> <ulink url="http://www.apache.org/dist/qpid/0.5/qpid-java-client-0.5.tar.gz">http://www.apache.org/dist/qpid/0.5/qpid-java-client-0.5.tar.gz</ulink> </entry><entry> Y </entry><entry> Y </entry></row>
<row><entry> Python </entry><entry> <ulink url="http://www.apache.org/dist/qpid/0.5/qpid-python-0.5.tar.gz">http://www.apache.org/dist/qpid/0.5/qpid-python-0.5.tar.gz</ulink> </entry><entry> Y </entry><entry> Y </entry></row>
<row><entry> Ruby </entry><entry> <ulink url="http://www.apache.org/dist/qpid/0.5/qpid-ruby-0.5.tar.gz">http://www.apache.org/dist/qpid/0.5/qpid-ruby-0.5.tar.gz</ulink> </entry><entry> Y </entry><entry> Y </entry></row>
</tbody>
</tgroup>
</table>


<table>
<title>C++ broker management</title>
<tgroup cols="3" align='left' colsep='1' rowsep='1'>
<thead><row><entry> Component </entry><entry> Download </entry><entry> AMQP 0-10 </entry></row></thead>
<tbody>
<row><entry> cmd line (packaged with python) </entry><entry> <ulink url="http://www.apache.org/dist/qpid/0.5/qpid-python-0.5.tar.gz">http://www.apache.org/dist/qpid/0.5/qpid-python-0.5.tar.gz</ulink> </entry><entry> Y </entry></row>
<row><entry> QMan JMX bridge, WS-DM </entry><entry> <ulink url="http://www.apache.org/dist/qpid/0.5/qpid-management-client-0.5.tar.gz">http://www.apache.org/dist/qpid/0.5/qpid-management-client-0.5.tar.gz</ulink> </entry><entry> Y </entry></row>
</tbody>
</tgroup>
</table>


<table>
<title>Java broker management</title>
<tgroup cols="2" align='left' colsep='1' rowsep='1'>
<thead><row><entry> Component </entry><entry> Download </entry></row></thead>
<tbody>
<row><entry> Eclipse RCP client </entry><entry> <ulink url="http://www.apache.org/dist/qpid/0.5/qpid-management-eclipse-plugin-0.5-linux-gtk-x86.tar.gz">Linux x86</ulink>
<ulink url="http://www.apache.org/dist/qpid/0.5/qpid-management-eclipse-plugin-0.5-linux-gtk-x86_64.tar.gz">Linux x86_64</ulink>
<ulink url="http://www.apache.org/dist/qpid/0.5/qpid-management-eclipse-plugin-0.5-macosx.zip">Mac OS X</ulink>
<ulink url="http://www.apache.org/dist/qpid/0.5/qpid-management-eclipse-plugin-0.5-win32-win32-x86.zip">Windows x86</ulink>
</entry></row>
<row><entry> Command line interface </entry><entry> <ulink url="http://www.apache.org/dist/qpid/0.5/qpid-management-tools-qpid-cli-0.5.tar.gz">http://www.apache.org/dist/qpid/0.5/qpid-management-tools-qpid-cli-0.5.tar.gz</ulink> </entry></row>
</tbody>
</tgroup>
</table>
</section>
</section>


<section id="qpid_3rd-Party-Libraries"><title>QpidComponents.org</title>

<para><ulink url="http://QpidComponents.org">http://QpidComponents.org</ulink> provides further components for Apache Qpid, including both persistence and management tools. These components are open source, but are not developed as part of the Apache Qpid project due to licensing or other restrictions.</para>

</section>


<section><title>Contributed C++ Packages</title>

<section><title>Pre-built Linux Packages</title>

<section><title>Fedora 8, 9, 10</title>

<para>On Fedora, Qpid can be installed using yum. Because Java RPMs are not yet available in Fedora repos, the Java client is not in these distributions.</para>

<para>To install the server:</para>
<programlisting>
# yum install qpidd
</programlisting>
<para>To install C++ and Python clients:</para>
<programlisting>
# yum install qpidc-devel
</programlisting>
<programlisting>
# yum install amqp python-qpid
</programlisting>
<para>To install documentation:</para>
<programlisting>
# yum install rhm-docs
</programlisting>
<para>To install persistence using an external store module:</para>
<programlisting>
# yum install rhm
</programlisting>
</section>
</section>


<section><title>Windows Installer</title>

<para>The Windows installer is available from <ulink url="http://www.apache.org/dist/qpid/0.5-windows/qpidc-0.5.msi">http://www.apache.org/dist/qpid/0.5-windows/qpidc-0.5.msi</ulink>. It is built from the 0.5 C++ broker and client source distribution listed above. It has been tested for Windows XP SP2 and above.</para>

<para>The Windows executables require the Visual C++ 2008 SP1 run-time components. If the Visual C++ 2008 SP1 runtime is not available, the Qpid broker will not execute. If you intend to run the broker and Visual C++ 2008 is not installed, you must install the Visual C++ 2008 SP1 Redistributable. Please see <ulink url="http://www.microsoft.com/downloads/details.aspx?familyid=A5C84275-3B97-4AB7-A40D-3802B2AF5FC2&amp;displaylang=en">http://www.microsoft.com/downloads/details.aspx?familyid=A5C84275-3B97-4AB7-A40D-3802B2AF5FC2&amp;displaylang=en</ulink> for download and installation instructions.</para>

<para>If you intend to develop Qpid client applications using this kit, you should install <ulink url="http://www.boostpro.com/download/boost_1_35_0_setup.exe">Boost version 1.35</ulink> (please be sure to select VC9 support when installing) in addition to Visual Studio 2008 SP1.</para>

</section>
</section>

<section><title>Source Code Repository</title>

<para>The latest version of the code is always available in the <ulink url="Source Repository">Source Repository</ulink>.
</para>
</section>


</chapter>
