<?xml version="1.0"?>
<!--
 
 Licensed to the Apache Software Foundation (ASF) under one
 or more contributor license agreements.  See the NOTICE file
 distributed with this work for additional information
 regarding copyright ownership.  The ASF licenses this file
 to you under the Apache License, Version 2.0 (the
 "License"); you may not use this file except in compliance
 with the License.  You may obtain a copy of the License at
 
   http://www.apache.org/licenses/LICENSE-2.0
 
 Unless required by applicable law or agreed to in writing,
 software distributed under the License is distributed on an
 "AS IS" BASIS, WITHOUT WARRANTIES OR CONDITIONS OF ANY
 KIND, either express or implied.  See the License for the
 specific language governing permissions and limitations
 under the License.
 
-->

<section>
	<title>Qpid ACL Formats</title>
	<para>
		The Qpid project has two ACL implementations currently. The java broker
		has a simple XML configuration mechanism icluded as part of the main
		broker configuration. The C++ broker and the latest versions of the Java
		broker also have a new, text based ACL file format.
	</para>
	<bridgehead  id="QpidACLs-Specifications"><anchor  id="QpidACLs-Specifications" />Specifications</bridgehead>
	<para>
		The specifications for each of the ACL formats are linked here:
	</para>
	<para>
		<xref linkend="JavaXMLACLs-specification" />
		<xref linkend="ACL-specification" />
	</para>
	<bridgehead id="QpidACLs-UserGuides"><anchor id="QpidACLs-UserGuides" />User Guides</bridgehead>
	<para>
		To aid users in defining their ACLs we have a user guide for each
		of the ACL formats and a page describing the security plugin mechanism in the Java broker.
	</para>
	<para>
		<xref linkend="JavaXMLACLs-userguide" />
		<xref linkend="ACL-userguide" />
		<xref linkend="Security-Plugins-Documentation" />
	</para>
</section>
